Workbook

Sheet Анализ
A1: Показатель | B1: Значение
A2: Всего участков | B2: =COUNT(Участки!A:A) -> 48
A3: Занято | B3: =COUNTIF(Участки!E:E,"Занят") -> 30
A4: Свободно | B4: =B2-B3 -> 18
A5: Загрузка, % | B5: =ROUND(B3/B2*100,1) -> 62.5
A6: Средний возраст | B6: =ROUND(AVERAGE(Захоронения!E:E),1) -> 78.2
A7: Минимальный возраст | B7: =MIN(Захоронения!E:E) -> 62
A8: Максимальный возраст | B8: =MAX(Захоронения!E:E) -> 96
A9: Месяцев | B9: =DATEDIF(MIN(Захоронения!C:C),MAX(Захоронения!C:C),"M")+1 -> 22
A10: Захоронений в месяц | B10: =ROUND(B3/B9,2) -> 1.36
A11: Свободных мест хватит, мес. | B11: =IF(B10=0,"нет данных",ROUND(B4/B10,0)) -> 13
A12: Занято: Северное | B12: =COUNTIFS(Участки!B:B,"Северное",Участки!E:E,"Занят") -> 18
A13: Занято: Южное | B13: =COUNTIFS(Участки!B:B,"Южное",Участки!E:E,"Занят") -> 12
A14: Захоронений в 2024 | B14: =COUNTIF(Захоронения!F:F,2024) -> 15
A15: Захоронений в 2025 | B15: =COUNTIF(Захоронения!F:F,2025) -> 15

Sheet Участки
A1: Участок | B1: Кладбище | C1: Секция | D1: Номер | E1: Статус
A2: 1 | B2: Северное | C2: А | D2: 1 | E2: =IF(COUNTIF(Захоронения!A:A,A2)>0,"Занят","Свободен") -> Занят
A3: 2 | B3: Северное | C3: А | D3: 2 | E3: =IF(COUNTIF(Захоронения!A:A,A3)>0,"Занят","Свободен") -> Занят
A4: 3 | B4: Северное | C4: А | D4: 3 | E4: =IF(COUNTIF(Захоронения!A:A,A4)>0,"Занят","Свободен") -> Занят
A5: 4 | B5: Северное | C5: А | D5: 4 | E5: =IF(COUNTIF(Захоронения!A:A,A5)>0,"Занят","Свободен") -> Свободен
A6: 5 | B6: Северное | C6: А | D6: 5 | E6: =IF(COUNTIF(Захоронения!A:A,A6)>0,"Занят","Свободен") -> Занят
A7: 6 | B7: Северное | C7: А | D7: 6 | E7: =IF(COUNTIF(Захоронения!A:A,A7)>0,"Занят","Свободен") -> Занят
A8: 7 | B8: Северное | C8: А | D8: 7 | E8: =IF(COUNTIF(Захоронения!A:A,A8)>0,"Занят","Свободен") -> Занят
A9: 8 | B9: Северное | C9: А | D9: 8 | E9: =IF(COUNTIF(Захоронения!A:A,A9)>0,"Занят","Свободен") -> Свободен
A10: 9 | B10: Северное | C10: А | D10: 9 | E10: =IF(COUNTIF(Захоронения!A:A,A10)>0,"Занят","Свободен") -> Занят
A11: 10 | B11: Северное | C11: А | D11: 10 | E11: =IF(COUNTIF(Захоронения!A:A,A11)>0,"Занят","Свободен") -> Занят
A12: 11 | B12: Северное | C12: А | D12: 11 | E12: =IF(COUNTIF(Захоронения!A:A,A12)>0,"Занят","Свободен") -> Свободен
A13: 12 | B13: Северное | C13: А | D13: 12 | E13: =IF(COUNTIF(Захоронения!A:A,A13)>0,"Занят","Свободен") -> Занят
... A49: 48 | B49: Южное | C49: Б | D49: 12 | E49: =IF(COUNTIF(Захоронения!A:A,A49)>0,"Занят","Свободен") -> Занят

Sheet Люди
A1: Номер | B1: ФИО | C1: Пол | D1: Дата рождения
A2: 1 | B2: Смирнова Галина Ивановна | C2: Ж | D2: 11936
A3: 2 | B3: Иванова Людмила Сергеевна | C3: Ж | D3: 11003
A4: 3 | B4: Кузнецова Мария Юрьевна | C4: Ж | D4: 20116
A5: 4 | B5: Кузнецов Борис Иванович | C5: М | D5: 19367
A6: 5 | B6: Лебедева Ольга Алексеевна | C6: Ж | D6: 19801
A7: 6 | B7: Попова Людмила Николаевна | C7: Ж | D7: 12711
A8: 7 | B8: Васильев Пётр Юрьевич | C8: М | D8: 11964
A9: 8 | B9: Михайлов Юрий Викторович | C9: М | D9: 17764
A10: 9 | B10: Васильев Алексей Сергеевич | C10: М | D10: 14604
A11: 10 | B11: Фёдорова Татьяна Юрьевна | C11: Ж | D11: 21725
A12: 11 | B12: Фёдорова Мария Петровна | C12: Ж | D12: 22103
A13: 12 | B13: Смирнов Владимир Викторович | C13: М | D13: 11265
... A52: 51 | B52: Новиков Владимир Петрович | C52: М | D52: 11420
A53: 52 | B53: Алексеева Мария Юрьевна | D53: 20699
A54: 53 | B54: Семёнов Пётр Владимирович | C54: М | D54: 17823
A55: 54 | B55: Кузнецов Алексей Владимирович | C55: М | D55: 22185
A56: 55 | B56: Кузнецова Людмила Алексеевна | C56: Ж
A57: 56 | B57: Соколова Валентина Михайловна | C57: Ж | D57: 12001
A58: 57 | B58: Кузнецова Татьяна Петровна | D58: 13870
A59: 58 | B59: Смирнов Алексей Николаевич | C59: М
A60: 59 | B60: Соколов Владимир Николаевич | C60: М | D60: 15423
A61: 60 | B61: Новикова Галина Михайловна | C61: Ж

Sheet Захоронения
A1: Участок | B1: Номер человека | C1: Дата захоронения | D1: ФИО | E1: Возраст | F1: Год
A2: 12 | B2: 1 | C2: 45302 | D2: =VLOOKUP(B2,Люди!A:D,2,FALSE()) -> Смирнова Галина Ивановна | E2: =DATEDIF(VLOOKUP(B2,Люди!A:D,4,FALSE()),C2,"Y") -> 91 | F2: =YEAR(C2) -> 2024
A3: 5 | B3: 2 | C3: 45325 | D3: =VLOOKUP(B3,Люди!A:D,2,FALSE()) -> Иванова Людмила Сергеевна | E3: =DATEDIF(VLOOKUP(B3,Люди!A:D,4,FALSE()),C3,"Y") -> 93 | F3: =YEAR(C3) -> 2024
A4: 7 | B4: 3 | C4: 45346 | D4: =VLOOKUP(B4,Люди!A:D,2,FALSE()) -> Кузнецова Мария Юрьевна | E4: =DATEDIF(VLOOKUP(B4,Люди!A:D,4,FALSE()),C4,"Y") -> 69 | F4: =YEAR(C4) -> 2024
A5: 22 | B5: 4 | C5: 45363 | D5: =VLOOKUP(B5,Люди!A:D,2,FALSE()) -> Кузнецов Борис Иванович | E5: =DATEDIF(VLOOKUP(B5,Люди!A:D,4,FALSE()),C5,"Y") -> 71 | F5: =YEAR(C5) -> 2024
A6: 30 | B6: 5 | C6: 45413 | D6: =VLOOKUP(B6,Люди!A:D,2,FALSE()) -> Лебедева Ольга Алексеевна | E6: =DATEDIF(VLOOKUP(B6,Люди!A:D,4,FALSE()),C6,"Y") -> 70 | F6: =YEAR(C6) -> 2024
A7: 32 | B7: 6 | C7: 45423 | D7: =VLOOKUP(B7,Люди!A:D,2,FALSE()) -> Попова Людмила Николаевна | E7: =DATEDIF(VLOOKUP(B7,Люди!A:D,4,FALSE()),C7,"Y") -> 89 | F7: =YEAR(C7) -> 2024
A8: 19 | B8: 7 | C8: 45461 | D8: =VLOOKUP(B8,Люди!A:D,2,FALSE()) -> Васильев Пётр Юрьевич | E8: =DATEDIF(VLOOKUP(B8,Люди!A:D,4,FALSE()),C8,"Y") -> 91 | F8: =YEAR(C8) -> 2024
A9: 33 | B9: 8 | C9: 45488 | D9: =VLOOKUP(B9,Люди!A:D,2,FALSE()) -> Михайлов Юрий Викторович | E9: =DATEDIF(VLOOKUP(B9,Люди!A:D,4,FALSE()),C9,"Y") -> 75 | F9: =YEAR(C9) -> 2024
A10: 2 | B10: 9 | C10: 45519 | D10: =VLOOKUP(B10,Люди!A:D,2,FALSE()) -> Васильев Алексей Сергеевич | E10: =DATEDIF(VLOOKUP(B10,Люди!A:D,4,FALSE()),C10,"Y") -> 84 | F10: =YEAR(C10) -> 2024
A11: 27 | B11: 10 | C11: 45527 | D11: =VLOOKUP(B11,Люди!A:D,2,FALSE()) -> Фёдорова Татьяна Юрьевна | E11: =DATEDIF(VLOOKUP(B11,Люди!A:D,4,FALSE()),C11,"Y") -> 65 | F11: =YEAR(C11) -> 2024
A12: 25 | B12: 11 | C12: 45536 | D12: =VLOOKUP(B12,Люди!A:D,2,FALSE()) -> Фёдорова Мария Петровна | E12: =DATEDIF(VLOOKUP(B12,Люди!A:D,4,FALSE()),C12,"Y") -> 64 | F12: =YEAR(C12) -> 2024
A13: 48 | B13: 12 | C13: 45578 | D13: =VLOOKUP(B13,Люди!A:D,2,FALSE()) -> Смирнов Владимир Викторович | E13: =DATEDIF(VLOOKUP(B13,Люди!A:D,4,FALSE()),C13,"Y") -> 93 | F13: =YEAR(C13) -> 2024
... A31: 10 | B31: 30 | C31: 45955 | D31: =VLOOKUP(B31,Люди!A:D,2,FALSE()) -> Петрова Нина Алексеевна | E31: =DATEDIF(VLOOKUP(B31,Люди!A:D,4,FALSE()),C31,"Y") -> 66 | F31: =YEAR(C31) -> 2025
